id;birth_date;gender;register_date;phone_number;mobile_number;full_name;is_verified;user_id;first_name;last_name;enc_id
1;2025-02-24T09:36:34;OTHER;2025-02-24T03:43:08;yowza while;cosset;solidly frequent hole;false;14857;Giles;Baumbach;b5d62b54-a278-4893-8856-68bb08facaa6
2;2025-02-24T10:46:33;MALE;2025-02-24T18:59:57;after outset cleverly;er what search;until license;true;22454;Kevon;Muller;3ad3ee84-7b85-4ac9-a119-1838854000f2
3;2025-02-24T07:43:55;OTHER;2025-02-24T06:06:17;during round;shoddy for;supposing jam-packed;false;16869;Gail;Schumm;54e22894-81cf-4d70-b790-799b078f52cc
4;2025-02-24T14:40:19;FEMALE;2025-02-24T10:34:39;wavy;hype;given clearly;true;20723;Tressa;Bernier;c8ba73e1-7e27-4b11-9cab-3b02e3a5ac0d
5;2025-02-24T17:17:39;FEMALE;2025-02-23T20:06:08;hence ack greedily;pine;always twist since;true;1664;Ofelia;Connelly;230efd53-0afc-459d-9905-7b1c12aacf31
6;2025-02-24T11:28:04;MALE;2025-02-23T21:02:41;openly;whose but;onto colossal disposer;false;17910;Sadye;Swift;44790c65-9f18-4726-975b-bd9a84f939b5
7;2025-02-24T13:55:55;MALE;2025-02-24T09:40:55;prioritize bah though;flimsy while colour;inventory axe;false;30577;Wayne;Kirlin;0cbd6487-ba31-414c-aa48-411419a38c8f
8;2025-02-23T21:45:32;FEMALE;2025-02-24T09:01:00;equally forenenst;instead shakily whether;buzzing;false;13000;Jordy;Langworth;e76b012f-b8f0-4cda-8f0a-bcd0560a826b
9;2025-02-24T08:39:36;MALE;2025-02-24T04:47:56;bah pace against;what nudge;amongst;false;6385;Justice;Heaney;c43f4576-ca45-4659-abfa-1cbdf95ed875
10;2025-02-24T10:20:14;FEMALE;2025-02-24T08:35:15;publicize notwithstanding;yum gnash phew;ha frizz;true;23568;Ressie;Halvorson;caa26a52-6146-40d8-ba39-62c5b4b9ee65
